http://inside.reynolds.edu/inside_lrc/sample/css/bootstrap.css,,http://inside.reynolds.edu/inside_lrc/sample/css/bootstrap-responsive.min.css,,http://inside.reynolds.edu/inside_lrc/sample/css/bootstrap-responsive.css,,http://inside.reynolds.edu/inside_lrc/sample/jQueryAssets/jquery.ui.core.min.css,,http://inside.reynolds.edu/inside_lrc/sample/jQueryAssets/jquery.ui.tabs.min.css,
464 unused selectors,,295 unused selectors,,No unused selectors!,,No unused selectors!,,16 unused selectors,
,,,,,,,,,
.clearfix:before,12,.hidden-desktop,1,,,,,.ui-tabs .ui-tabs-nav li.ui-state-disabled a,47
.clearfix:after,12,.visible-desktop,1,,,,,.ui-tabs .ui-tabs-nav li.ui-tabs-loading a,47
.clearfix:after,19,.visible-tablet,1,,,,,.ui-tabs-collapsible .ui-tabs-nav li.ui-tabs-active a,47
.hide-text,23,.hidden-tablet,1,,,,,.row .span8 #Tabs1 .ui-tabs-nav.ui-helper-clearfix.ui-widget-header .ui-state-default.ui-corner-top a:hover,61
.input-block-level,31,.hidden-desktop,1,,,,,#qpchatwidget,69
audio:not([controls]),70,.visible-desktop,1,,,,,.yui-navset .yui-content,75
#map_canvas img,112,.visible-phone,1,,,,,Navigation Centering .yui-navset .yui-nav li,79
.google-maps img,112,.hidden-phone,1,,,,,.yui-navset .yui-navset-top .yui-nav li,79
abbr[title]:after,148,.visible-print,1,,,,,.yui-navset .yui-navset-bottom .yui-nav li,79
.ir a:after,151,.visible-print,1,,,,,.ui-helper-hidden,117
"a[href^=""javascript:""]:after",151,.hidden-print,1,,,,,.ui-helper-hidden-accessible,117
.img-rounded,212,.row,1,,,,,.ui-helper-zfix,120
.img-circle,220,.row:before,1,,,,,.ui-state-disabled,120
.row,226,.row:after,1,,,,,.ui-icon,120
.row:before,233,.row:after,1,,,,,.ui-widget-overlay,120
.row:after,233,.container,1,,,,,.roundedcorners,122
.row:after,240,.navbar-static-top .container,1,,,,,,
.span12,251,.navbar-fixed-top .container,1,,,,,,
.span11,257,.navbar-fixed-bottom .container,1,,,,,,
.span10,261,.span12,1,,,,,,
.span9,265,.span11,1,,,,,,
.span5,288,.span10,1,,,,,,
.span1,307,.span9,1,,,,,,
.offset12,311,.span6,1,,,,,,
.offset11,315,.span5,1,,,,,,
.offset10,319,.span4,1,,,,,,
.offset9,323,.span1,1,,,,,,
.offset8,327,.offset12,1,,,,,,
.offset7,331,.offset11,1,,,,,,
.offset6,335,.offset10,1,,,,,,
.offset5,339,.offset9,1,,,,,,
.offset4,343,.offset8,1,,,,,,
.offset3,347,.offset7,1,,,,,,
.offset2,351,.offset6,1,,,,,,
".row-fluid .controls-row [class*=""span""] + [class*=""span""]",399,.offset5,1,,,,,,
.row-fluid .span12,403,.offset4,1,,,,,,
.row-fluid .span11,408,.offset3,1,,,,,,
.row-fluid .span10,413,.offset2,1,,,,,,
.row-fluid .span9,418,.row-fluid,1,,,,,,
.row-fluid .span8,423,.row-fluid:before,1,,,,,,
.row-fluid .span7,428,.row-fluid:after,1,,,,,,
.row-fluid .span5,438,.row-fluid:after,1,,,,,,
.row-fluid .span1,458,".row-fluid [class*=""span""]",1,,,,,,
.row-fluid .offset12,463,".row-fluid [class*=""span""]:first-child",1,,,,,,
.row-fluid .offset12:first-child,468,".row-fluid .controls-row [class*=""span""] + [class*=""span""]",1,,,,,,
.row-fluid .offset11,473,.row-fluid .span12,1,,,,,,
.row-fluid .offset11:first-child,478,.row-fluid .span11,1,,,,,,
.row-fluid .offset10,483,.row-fluid .span10,1,,,,,,
.row-fluid .offset10:first-child,488,.row-fluid .span9,1,,,,,,
.row-fluid .offset9,493,.row-fluid .span8,1,,,,,,
.row-fluid .offset9:first-child,498,.row-fluid .span7,1,,,,,,
.row-fluid .offset8,503,.row-fluid .span6,1,,,,,,
.row-fluid .offset8:first-child,508,.row-fluid .span5,1,,,,,,
.row-fluid .offset7,513,.row-fluid .span4,1,,,,,,
.row-fluid .offset7:first-child,518,.row-fluid .span3,1,,,,,,
.row-fluid .offset6,523,.row-fluid .span2,1,,,,,,
.row-fluid .offset6:first-child,528,.row-fluid .span1,1,,,,,,
.row-fluid .offset5,533,.row-fluid .offset12,1,,,,,,
.row-fluid .offset5:first-child,538,.row-fluid .offset12:first-child,1,,,,,,
.row-fluid .offset4,543,.row-fluid .offset11,1,,,,,,
.row-fluid .offset4:first-child,548,.row-fluid .offset11:first-child,1,,,,,,
.row-fluid .offset3,553,.row-fluid .offset10,1,,,,,,
.row-fluid .offset3:first-child,558,.row-fluid .offset10:first-child,1,,,,,,
.row-fluid .offset2,563,.row-fluid .offset9,1,,,,,,
.row-fluid .offset2:first-child,568,.row-fluid .offset9:first-child,1,,,,,,
.row-fluid .offset1,573,.row-fluid .offset8,1,,,,,,
.row-fluid .offset1:first-child,578,.row-fluid .offset8:first-child,1,,,,,,
".hide[class*=""span""]",583,.row-fluid .offset7,1,,,,,,
".row-fluid .hide[class*=""span""]",583,.row-fluid .offset7:first-child,1,,,,,,
".pull-right[class*=""span""]",588,.row-fluid .offset6,1,,,,,,
".row-fluid .pull-right[class*=""span""]",588,.row-fluid .offset6:first-child,1,,,,,,
.container,593,.row-fluid .offset5,1,,,,,,
.container-fluid,601,.row-fluid .offset5:first-child,1,,,,,,
.container-fluid:before,611,.row-fluid .offset4,1,,,,,,
.container-fluid:after,611,.row-fluid .offset4:first-child,1,,,,,,
.container-fluid:after,618,.row-fluid .offset3,1,,,,,,
.muted,645,.row-fluid .offset3:first-child,1,,,,,,
a.muted:hover,649,.row-fluid .offset2,1,,,,,,
a.muted:focus,649,.row-fluid .offset2:first-child,1,,,,,,
a.text-warning:hover,658,.row-fluid .offset1,1,,,,,,
a.text-warning:focus,658,.row-fluid .offset1:first-child,1,,,,,,
.text-error,663,.uneditable-input,1,,,,,,
a.text-error:hover,670,".controls-row [class*=""span""] + [class*=""span""]",1,,,,,,
a.text-error:focus,670,input.span12,1,,,,,,
.text-info,675,textarea.span12,1,,,,,,
a.text-info:hover,679,.uneditable-input.span12,1,,,,,,
a.text-info:focus,679,input.span11,1,,,,,,
a.text-success:hover,688,textarea.span11,1,,,,,,
a.text-success:focus,688,.uneditable-input.span11,1,,,,,,
.text-left,693,input.span10,1,,,,,,
.text-right,697,textarea.span10,1,,,,,,
.text-center,701,.uneditable-input.span10,1,,,,,,
h1 small,719,input.span9,1,,,,,,
h2 small,719,textarea.span9,1,,,,,,
h3 small,719,.uneditable-input.span9,1,,,,,,
h4 small,719,input.span8,1,,,,,,
h5 small,719,textarea.span8,1,,,,,,
h6 small,719,.uneditable-input.span8,1,,,,,,
h1 small,764,input.span7,1,,,,,,
h2 small,768,textarea.span7,1,,,,,,
h3 small,772,.uneditable-input.span7,1,,,,,,
h4 small,776,input.span6,1,,,,,,
.page-header,780,textarea.span6,1,,,,,,
ul ol,792,.uneditable-input.span6,1,,,,,,
ol ol,792,input.span5,1,,,,,,
ol ul,792,textarea.span5,1,,,,,,
ul.unstyled,803,.uneditable-input.span5,1,,,,,,
ol.unstyled,803,input.span4,1,,,,,,
ul.inline,809,textarea.span4,1,,,,,,
ol.inline,809,.uneditable-input.span4,1,,,,,,
ul.inline > li,815,input.span3,1,,,,,,
ol.inline > li,815,textarea.span3,1,,,,,,
select[multiple],862,.uneditable-input.span3,1,,,,,,
select[size],862,input.span2,1,,,,,,
.table caption + thead tr:first-child th,905,textarea.span2,1,,,,,,
.table caption + thead tr:first-child td,905,.uneditable-input.span2,1,,,,,,
.table colgroup + thead tr:first-child th,905,input.span1,1,,,,,,
.table colgroup + thead tr:first-child td,905,textarea.span1,1,,,,,,
.table thead:first-child tr:first-child td,905,.uneditable-input.span1,1,,,,,,
.table tbody + tbody,914,.thumbnails,1,,,,,,
.table-condensed th,922,.thumbnails > li,1,,,,,,
.table-condensed td,922,.row-fluid .thumbnails,1,,,,,,
.table-bordered,927,.row,1,,,,,,
.table-bordered th,937,.row:before,1,,,,,,
.table-bordered td,937,.row:after,1,,,,,,
.table-bordered caption + thead tr:first-child th,942,.row:after,1,,,,,,
.table-bordered caption + tbody tr:first-child th,942,.container,1,,,,,,
.table-bordered caption + tbody tr:first-child td,942,.navbar-static-top .container,1,,,,,,
.table-bordered colgroup + thead tr:first-child th,942,.navbar-fixed-top .container,1,,,,,,
.table-bordered colgroup + tbody tr:first-child th,942,.navbar-fixed-bottom .container,1,,,,,,
.table-bordered colgroup + tbody tr:first-child td,942,.span12,1,,,,,,
.table-bordered thead:first-child tr:first-child th,942,.span11,1,,,,,,
.table-bordered tbody:first-child tr:first-child th,942,.span10,1,,,,,,
.table-bordered tbody:first-child tr:first-child td,942,.span9,1,,,,,,
.table-bordered thead:first-child tr:first-child > th:first-child,954,.span6,1,,,,,,
.table-bordered tbody:first-child tr:first-child > td:first-child,954,.span5,1,,,,,,
.table-bordered tbody:first-child tr:first-child > th:first-child,954,.span4,1,,,,,,
.table-bordered thead:first-child tr:first-child > th:last-child,962,.span1,1,,,,,,
.table-bordered tbody:first-child tr:first-child > td:last-child,962,.offset12,1,,,,,,
.table-bordered tbody:first-child tr:first-child > th:last-child,962,.offset11,1,,,,,,
.table-bordered thead:last-child tr:last-child > th:first-child,970,.offset10,1,,,,,,
.table-bordered tbody:last-child tr:last-child > td:first-child,970,.offset9,1,,,,,,
.table-bordered tbody:last-child tr:last-child > th:first-child,970,.offset8,1,,,,,,
.table-bordered tfoot:last-child tr:last-child > td:first-child,970,.offset7,1,,,,,,
.table-bordered tfoot:last-child tr:last-child > th:first-child,970,.offset6,1,,,,,,
.table-bordered thead:last-child tr:last-child > th:last-child,980,.offset5,1,,,,,,
.table-bordered tbody:last-child tr:last-child > td:last-child,980,.offset4,1,,,,,,
.table-bordered tbody:last-child tr:last-child > th:last-child,980,.offset3,1,,,,,,
.table-bordered tfoot:last-child tr:last-child > td:last-child,980,.offset2,1,,,,,,
.table-bordered tfoot:last-child tr:last-child > th:last-child,980,.row-fluid,1,,,,,,
.table-bordered tfoot + tbody:last-child tr:last-child td:first-child,990,.row-fluid:before,1,,,,,,
.table-bordered tfoot + tbody:last-child tr:last-child td:last-child,996,.row-fluid:after,1,,,,,,
.table-bordered caption + thead tr:first-child th:first-child,1002,.row-fluid:after,1,,,,,,
.table-bordered caption + tbody tr:first-child td:first-child,1002,".row-fluid [class*=""span""]",1,,,,,,
.table-bordered colgroup + thead tr:first-child th:first-child,1002,".row-fluid [class*=""span""]:first-child",1,,,,,,
.table-bordered colgroup + tbody tr:first-child td:first-child,1002,".row-fluid .controls-row [class*=""span""] + [class*=""span""]",1,,,,,,
.table-bordered caption + thead tr:first-child th:last-child,1011,.row-fluid .span12,1,,,,,,
.table-bordered caption + tbody tr:first-child td:last-child,1011,.row-fluid .span11,1,,,,,,
.table-bordered colgroup + thead tr:first-child th:last-child,1011,.row-fluid .span10,1,,,,,,
.table-bordered colgroup + tbody tr:first-child td:last-child,1011,.row-fluid .span9,1,,,,,,
.table-striped tbody > tr:nth-child(2n+1) > td,1020,.row-fluid .span8,1,,,,,,
.table-striped tbody > tr:nth-child(2n+1) > th,1020,.row-fluid .span7,1,,,,,,
.table-hover tbody tr:hover > th,1025,.row-fluid .span6,1,,,,,,
"table td[class*=""span""]",1031,.row-fluid .span5,1,,,,,,
"table th[class*=""span""]",1031,.row-fluid .span4,1,,,,,,
".row-fluid table td[class*=""span""]",1031,.row-fluid .span3,1,,,,,,
".row-fluid table th[class*=""span""]",1031,.row-fluid .span2,1,,,,,,
.table td.span1,1040,.row-fluid .span1,1,,,,,,
.table th.span1,1040,.row-fluid .offset12,1,,,,,,
.table td.span2,1047,.row-fluid .offset12:first-child,1,,,,,,
.table th.span2,1047,.row-fluid .offset11,1,,,,,,
.table td.span3,1054,.row-fluid .offset11:first-child,1,,,,,,
.table th.span3,1054,.row-fluid .offset10,1,,,,,,
.table td.span4,1061,.row-fluid .offset10:first-child,1,,,,,,
.table th.span4,1061,.row-fluid .offset9,1,,,,,,
.table td.span5,1068,.row-fluid .offset9:first-child,1,,,,,,
.table th.span5,1068,.row-fluid .offset8,1,,,,,,
.table td.span6,1075,.row-fluid .offset8:first-child,1,,,,,,
.table th.span6,1075,.row-fluid .offset7,1,,,,,,
.table td.span7,1082,.row-fluid .offset7:first-child,1,,,,,,
.table th.span7,1082,.row-fluid .offset6,1,,,,,,
.table td.span8,1089,.row-fluid .offset6:first-child,1,,,,,,
.table th.span8,1089,.row-fluid .offset5,1,,,,,,
.table td.span9,1096,.row-fluid .offset5:first-child,1,,,,,,
.table th.span9,1096,.row-fluid .offset4,1,,,,,,
.table td.span10,1103,.row-fluid .offset4:first-child,1,,,,,,
.table th.span10,1103,.row-fluid .offset3,1,,,,,,
.table td.span11,1110,.row-fluid .offset3:first-child,1,,,,,,
.table th.span11,1110,.row-fluid .offset2,1,,,,,,
.table td.span12,1117,.row-fluid .offset2:first-child,1,,,,,,
.table th.span12,1117,.row-fluid .offset1,1,,,,,,
.table tbody tr.success > td,1124,.row-fluid .offset1:first-child,1,,,,,,
.table tbody tr.error > td,1128,.uneditable-input,1,,,,,,
.table tbody tr.warning > td,1132,".controls-row [class*=""span""] + [class*=""span""]",1,,,,,,
.table tbody tr.info > td,1136,input.span12,1,,,,,,
.table-hover tbody tr.success:hover > td,1140,textarea.span12,1,,,,,,
.table-hover tbody tr.error:hover > td,1144,.uneditable-input.span12,1,,,,,,
.table-hover tbody tr.warning:hover > td,1148,input.span11,1,,,,,,
.table-hover tbody tr.info:hover > td,1152,textarea.span11,1,,,,,,
"[class^=""icon-""]",1156,.uneditable-input.span11,1,,,,,,
"[class*="" icon-""]",1156,input.span10,1,,,,,,
.icon-white,1172,textarea.span10,1,,,,,,
".nav-pills > .active > a > [class^=""icon-""]",1172,.uneditable-input.span10,1,,,,,,
".nav-pills > .active > a > [class*="" icon-""]",1172,input.span9,1,,,,,,
".nav-list > .active > a > [class^=""icon-""]",1172,textarea.span9,1,,,,,,
".nav-list > .active > a > [class*="" icon-""]",1172,.uneditable-input.span9,1,,,,,,
".navbar-inverse .nav > .active > a > [class^=""icon-""]",1172,input.span8,1,,,,,,
".navbar-inverse .nav > .active > a > [class*="" icon-""]",1172,textarea.span8,1,,,,,,
".dropdown-menu > li > a:hover > [class^=""icon-""]",1172,.uneditable-input.span8,1,,,,,,
".dropdown-menu > li > a:focus > [class^=""icon-""]",1172,input.span7,1,,,,,,
".dropdown-menu > li > a:hover > [class*="" icon-""]",1172,textarea.span7,1,,,,,,
".dropdown-menu > li > a:focus > [class*="" icon-""]",1172,.uneditable-input.span7,1,,,,,,
".dropdown-menu > .active > a > [class*="" icon-""]",1172,input.span6,1,,,,,,
".dropdown-submenu:hover > a > [class^=""icon-""]",1172,textarea.span6,1,,,,,,
".dropdown-submenu:focus > a > [class^=""icon-""]",1172,.uneditable-input.span6,1,,,,,,
".dropdown-submenu:hover > a > [class*="" icon-""]",1172,input.span5,1,,,,,,
".dropdown-submenu:focus > a > [class*="" icon-""]",1172,textarea.span5,1,,,,,,
.dropup,1192,.uneditable-input.span5,1,,,,,,
.open .dropdown-toggle,1204,input.span4,1,,,,,,
dropdown.open.active,1231,textarea.span4,1,,,,,,
.dropdown-menu.pull-right,1267,.uneditable-input.span4,1,,,,,,
.dropdown-menu .divider,1272,input.span3,1,,,,,,
.dropdown-submenu:hover > a,1295,textarea.span3,1,,,,,,
.dropdown-submenu:focus > a,1295,.uneditable-input.span3,1,,,,,,
.dropdown-menu > .active > a,1307,input.span2,1,,,,,,
.dropdown-menu > .active > a:hover,1307,textarea.span2,1,,,,,,
.dropdown-menu > .active > a:focus,1307,.uneditable-input.span2,1,,,,,,
.dropdown-menu > .disabled > a,1323,input.span1,1,,,,,,
.dropdown-menu > .disabled > a:hover,1323,textarea.span1,1,,,,,,
.dropdown-menu > .disabled > a:focus,1323,.uneditable-input.span1,1,,,,,,
.dropdown-menu > .disabled > a:hover,1329,.navbar-fixed-top,1,,,,,,
.dropdown-menu > .disabled > a:focus,1329,.navbar-fixed-bottom,1,,,,,,
.open,1338,.navbar-static-top,1,,,,,,
.open > .dropdown-menu,1342,.container-fluid,1,,,,,,
.dropdown-toggle .dropdown-backdrop,1347,.dl-horizontal dt,1,,,,,,
li.dropdown.open,1357,.dl-horizontal dd,1,,,,,,
.pull-right > .dropdown-menu,1358,.container,1,,,,,,
.dropup .caret,1363,.row-fluid,1,,,,,,
.navbar-fixed-bottom .dropdown,1363,.row,1,,,,,,
.dropup .dropdown-menu,1379,.thumbnails,1,,,,,,
.navbar-fixed-bottom .dropdown .dropdown-menu,1379,.thumbnails > li,1,,,,,,
.dropdown-submenu,1386,".uneditable-input[class*=""span""]",1,,,,,,
.dropdown-submenu > .dropdown-menu,1390,".row-fluid [class*=""span""]",1,,,,,,
.dropdown-submenu:hover > .dropdown-menu,1400,.span12,1,,,,,,
.dropup .dropdown-submenu > .dropdown-menu,1404,.row-fluid .span12,1,,,,,,
.dropdown-submenu > a:after,1412,".row-fluid [class*=""offset""]:first-child",1,,,,,,
.dropdown-submenu:hover > a:after,1426,.input-large,1,,,,,,
.dropdown-submenu.pull-left,1430,.input-xlarge,1,,,,,,
.dropdown-submenu.pull-left > .dropdown-menu,1434,.input-xxlarge,1,,,,,,
.dropdown .dropdown-menu .nav-header,1442,"input[class*=""span""]",1,,,,,,
.fade,1456,"select[class*=""span""]",1,,,,,,
.btn.active,1504,"textarea[class*=""span""]",1,,,,,,
.btn.disabled,1504,.uneditable-input,1,,,,,,
.btn[disabled],1504,.input-prepend input,1,,,,,,
.btn.active,1515,.input-append input,1,,,,,,
.btn.active,1541,".input-prepend input[class*=""span""]",1,,,,,,
.btn-large,1552,".input-append input[class*=""span""]",1,,,,,,
".btn-large [class^=""icon-""]",1560,".controls-row [class*=""span""] + [class*=""span""]",1,,,,,,
".btn-large [class*="" icon-""]",1560,.modal,1,,,,,,
.btn-small,1565,.modal.fade,1,,,,,,
".btn-small [class^=""icon-""]",1573,.modal.fade.in,1,,,,,,
".btn-small [class*="" icon-""]",1573,.page-header h1 small,1,,,,,,
".btn-mini [class^=""icon-""]",1578,"input[type=""checkbox""]",1,,,,,,
".btn-mini [class*="" icon-""]",1578,"input[type=""radio""]",1,,,,,,
.btn-mini,1583,.form-horizontal .control-label,1,,,,,,
.btn-block,1591,.form-horizontal .controls,1,,,,,,
.btn-block + .btn-block,1601,.form-horizontal .control-list,1,,,,,,
"input.btn-block[type=""submit""]",1605,.form-horizontal .form-actions,1,,,,,,
"input.btn-block[type=""reset""]",1605,.media .pull-left,1,,,,,,
"input.btn-block[type=""button""]",1605,.media .pull-right,1,,,,,,
.btn-primary.active,1611,.media-object,1,,,,,,
.btn-warning.active,1611,.modal,1,,,,,,
.btn-danger.active,1611,.modal-header .close,1,,,,,,
.btn-success.active,1611,.carousel-caption,1,,,,,,
.btn-info.active,1611,.navbar-fixed-top,1,,,,,,
.btn-inverse.active,1611,.navbar-fixed-bottom,1,,,,,,
.btn-primarya:hover,1647,.navbar-fixed-top,1,,,,,,
.navbar .container,1681,.navbar-fixed-bottom,1,,,,,,
.navbar .brand,1692,.navbar-fixed-top .navbar-inner,1,,,,,,
.navbar .brand:hover,1703,.navbar-fixed-bottom .navbar-inner,1,,,,,,
.navbar .brand:focus,1703,.navbar .container,1,,,,,,
.navbar-text,1708,.navbar .brand,1,,,,,,
.navbar .divider-vertical,1718,.nav-collapse .nav > .divider-vertical,6,,,,,,
.navbar .btn,1725,.nav-collapse .nav .nav-header,6,,,,,,
.navbar .btn-group,1725,.nav-collapse .btn,6,,,,,,
.navbar .btn-group .btn,1730,.nav-collapse.in .btn-group,11,,,,,,
.navbar .input-prepend .btn,1730,.nav-collapse .open > .dropdown-menu,11,,,,,,
.navbar .input-append .btn,1730,.nav-collapse .dropdown-menu .divider,11,,,,,,
.navbar .input-prepend .btn-group,1730,.nav-collapse .navbar-form,11,,,,,,
.navbar .input-append .btn-group,1730,.nav-collapse .navbar-search,11,,,,,,
.navbar-form,1738,.navbar-inverse .nav-collapse .navbar-form,11,,,,,,
.navbar-form:before,1743,.navbar-inverse .nav-collapse .navbar-search,11,,,,,,
.navbar-form:after,1743,.navbar .nav-collapse .nav.pull-right,11,,,,,,
.navbar-form:after,1750,.navbar .btn-navbar,14,,,,,,
.navbar-form input,1754,.navbar-static .navbar-inner,14,,,,,,
.navbar-form select,1754,,,,,,,,
.navbar-form .radio,1754,,,,,,,,
.navbar-form .checkbox,1754,,,,,,,,
.navbar-form input,1761,,,,,,,,
.navbar-form select,1761,,,,,,,,
.navbar-form .btn,1761,,,,,,,,
".navbar-form input[type=""image""]",1768,,,,,,,,
".navbar-form input[type=""checkbox""]",1768,,,,,,,,
".navbar-form input[type=""radio""]",1768,,,,,,,,
.navbar-form .input-append,1774,,,,,,,,
.navbar-form .input-prepend,1774,,,,,,,,
.navbar-form .input-append input,1780,,,,,,,,
.navbar-form .input-prepend input,1780,,,,,,,,
.navbar-search,1785,,,,,,,,
.navbar-search .search-query,1792,,,,,,,,
.navbar-static-top,1805,,,,,,,,
.navbar-fixed-top,1812,,,,,,,,
.navbar-fixed-bottom,1812,,,,,,,,
.navbar-fixed-top .navbar-inner,1821,,,,,,,,
.navbar-static-top .navbar-inner,1821,,,,,,,,
.navbar-fixed-bottom .navbar-inner,1826,,,,,,,,
.navbar-fixed-top .navbar-inner,1830,,,,,,,,
.navbar-fixed-bottom .navbar-inner,1830,,,,,,,,
.navbar-static-top .container,1839,,,,,,,,
.navbar-fixed-top .container,1839,,,,,,,,
.navbar-fixed-bottom .container,1839,,,,,,,,
.navbar-fixed-top,1845,,,,,,,,
.navbar-fixed-top .navbar-inner,1849,,,,,,,,
.navbar-static-top .navbar-inner,1849,,,,,,,,
.navbar-fixed-bottom,1854,,,,,,,,
.navbar-fixed-bottom .navbar-inner,1858,,,,,,,,
.navbar .nav.pull-right,1874,,,,,,,,
dropdown-toggle .caret,1896,,,,,,,,
.navbar .nav > .active > a,1908,,,,,,,,
.navbar .nav > .active > a:hover,1908,,,,,,,,
.navbar .nav > .active > a:focus,1908,,,,,,,,
.btn-navbar .icon-bar + .icon-bar,1920,,,,,,,,
.navbar-fixed-bottom .nav > li > .dropdown-menu:before,1947,,,,,,,,
.navbar-fixed-bottom .nav > li > .dropdown-menu:after,1955,,,,,,,,
.navbar .nav li.dropdown.open > .dropdown-toggle,1963,,,,,,,,
.navbar .nav li.dropdown.active > .dropdown-toggle,1963,,,,,,,,
.navbar .nav li.dropdown.open.active > .dropdown-toggle,1963,,,,,,,,
.navbar .pull-right > li > .dropdown-menu,1983,,,,,,,,
.navbar .nav > li > .dropdown-menu.pull-right,1983,,,,,,,,
.navbar .pull-right > li > .dropdown-menu:before,1989,,,,,,,,
.navbar .nav > li > .dropdown-menu.pull-right:before,1989,,,,,,,,
.navbar .pull-right > li > .dropdown-menu:after,1995,,,,,,,,
.navbar .nav > li > .dropdown-menu.pull-right:after,1995,,,,,,,,
.navbar .pull-right > li > .dropdown-menu .dropdown-menu,2001,,,,,,,,
.navbar .nav > li > .dropdown-menu.pull-right .dropdown-menu,2001,,,,,,,,
.navbar-inverse .navbar-link,2017,,,,,,,,
.navbar-inverse .divider-vertical,2021,,,,,,,,
.navbar-inverse .nav li.dropdown.open > .dropdown-toggle .caret,2036,,,,,,,,
.navbar-inverse .nav li.dropdown.active > .dropdown-toggle .caret,2036,,,,,,,,
.navbar-inverse .nav li.dropdown.open.active > .dropdown-toggle .caret,2036,,,,,,,,
.navbar-inverse .btn-navbar,2051,,,,,,,,
.navbar-inverse .btn-navbar:active,2056,,,,,,,,
.navbar-inverse .btn-navbar.active,2056,,,,,,,,
.nav > li > a > img,2077,,,,,,,,
.nav > .pull-right,2081,,,,,,,,
.nav-header,2085,,,,,,,,
.nav-tabs .dropdown-toggle .caret,2110,,,,,,,,
.nav .active .dropdown-toggle .caret,2114,,,,,,,,
.nav-tabs .active .dropdown-toggle .caret,2119,,,,,,,,
.nav > .dropdown.active > a:hover,2124,,,,,,,,
.nav > .dropdown.active > a:focus,2124,,,,,,,,
.breadcrumb,2133,,,,,,,,
.breadcrumb > li,2143,,,,,,,,
.breadcrumb > li > .divider,2150,,,,,,,,
.breadcrumb > .active,2155,,,,,,,,
.tooltip,2162,,,,,,,,
.tooltip.in,2173,,,,,,,,
.tooltip.top,2178,,,,,,,,
.tooltip.right,2183,,,,,,,,
.tooltip.bottom,2188,,,,,,,,
.tooltip.left,2193,,,,,,,,
.tooltip-inner,2198,,,,,,,,
.tooltip-arrow,2210,,,,,,,,
.tooltip.top .tooltip-arrow,2218,,,,,,,,
.tooltip.right .tooltip-arrow,2226,,,,,,,,
.tooltip.left .tooltip-arrow,2234,,,,,,,,
.tooltip.bottom .tooltip-arrow,2242,,,,,,,,
.popover,2250,,,,,,,,
.popover.top,2274,,,,,,,,
.popover.right,2278,,,,,,,,
.popover.bottom,2282,,,,,,,,
.popover.left,2286,,,,,,,,
.popover-title,2290,,,,,,,,
.popover-title:empty,2303,,,,,,,,
.popover-content,2307,,,,,,,,
.popover .arrow,2311,,,,,,,,
.popover .arrow:after,2311,,,,,,,,
.popover .arrow,2321,,,,,,,,
.popover .arrow:after,2325,,,,,,,,
.popover.top .arrow,2330,,,,,,,,
.popover.top .arrow:after,2339,,,,,,,,
.popover.right .arrow,2346,,,,,,,,
.popover.right .arrow:after,2355,,,,,,,,
.popover.bottom .arrow,2362,,,,,,,,
.popover.bottom .arrow:after,2371,,,,,,,,
.popover.left .arrow,2378,,,,,,,,
.popover.left .arrow:after,2387,,,,,,,,
.thumbnails,2394,,,,,,,,
.label,2400,,,,,,,,
.badge,2400,,,,,,,,
.label,2414,,,,,,,,
.badge,2420,,,,,,,,
.label:empty,2428,,,,,,,,
.badge:empty,2428,,,,,,,,
a.label:hover,2433,,,,,,,,
a.label:focus,2433,,,,,,,,
a.badge:hover,2433,,,,,,,,
a.badge:focus,2433,,,,,,,,
.label-important,2442,,,,,,,,
.badge-important,2442,,,,,,,,
.label-important[href],2447,,,,,,,,
.badge-important[href],2447,,,,,,,,
.label-success,2471,,,,,,,,
.label-success[href],2476,,,,,,,,
.badge-success[href],2476,,,,,,,,
.label-info,2481,,,,,,,,
.label-info[href],2493,,,,,,,,
.badge-info[href],2493,,,,,,,,
.label-inverse,2498,,,,,,,,
.badge-inverse,2498,,,,,,,,
.label-inverse[href],2503,,,,,,,,
.badge-inverse[href],2503,,,,,,,,
.btn .label,2508,,,,,,,,
.btn .badge,2508,,,,,,,,
.btn-mini .label,2515,,,,,,,,
.btn-mini .badge,2515,,,,,,,,
.carousel-inner > .next,2555,,,,,,,,
.carousel-inner > .prev,2555,,,,,,,,
.carousel-inner > .next,2565,,,,,,,,
.carousel-inner > .prev,2565,,,,,,,,
.carousel-inner > .next,2572,,,,,,,,
.carousel-inner > .prev,2576,,,,,,,,
.carousel-inner > .next.left,2580,,,,,,,,
.carousel-inner > .prev.right,2580,,,,,,,,
.carousel-inner > .active.left,2585,,,,,,,,
.carousel-inner > .active.right,2589,,,,,,,,
.carousel-indicators,2627,,,,,,,,
.carousel-indicators li,2636,,,,,,,,
.carousel-indicators .active,2648,,,,,,,,
.carousel-caption h4,2668,,,,,,,,
.carousel-caption h4,2674,,,,,,,,
.pull-left,2691,,,,,,,,
.hide,2695,,,,,,,,
.show,2699,,,,,,,,
.invisible,2703,,,,,,,,
#footer,2751,,,,,,,,
.clear,2763,,,,,,,,
.row .container .row,2766,,,,,,,,
.breadcrumb,2781,,,,,,,,
.span9 .breadcrumb a,2795,,,,,,,,
.span9 .breadcrumb a:hover,2801,,,,,,,,
.myjsrcc,2832,,,,,,,,
.btn .label,2839,,,,,,,,
.btn .badge,2839,,,,,,,,
.btn_center,2869,,,,,,,,
#footer .table,2880,,,,,,,,
#footer p,2884,,,,,,,,
.nav li a img,2899,,,,,,,,
.span8 .breadcrumb,2947,,,,,,,,
.semestertable,3023,,,,,,,,
.hourstable,3029,,,,,,,,
.calendarwrapper p iframe,3043,,,,,,,,
.spacer,3054,,,,,,,,
.span7 h2,3060,,,,,,,,
